{
    "nelx": [250],
    "nely": [100],
    "Lx": [256.0],
    "Ly": [103.6],
    "E_bounds": [191400, 219490],
    "nu_bounds": [0.263, 0.296],
    "theta_E0": [0.5078],
    "theta_nu0": [0.4292],
    "n_F": [2],
    "F_DOFs_and_F0": [
        [
            "(nelx + 2) * (nely + 1)", "-1387.5"
        ],
        [
            "(nelx + 1) * (nely + 1) * 2", "-1382.0"
        ]
    ],
    "Ui": [
        [
            "(nelx + 2) * (nely + 1)", "-0.9", "1.2"
        ],
        [
            "(nelx + 1) * (nely + 1) * 2", "-2.5", "1.2"
        ]
    ],
    "fixed_DOFs": [
            "[1 : (nely + 1) * 2]"
    ],
    "w1": [
        [0.0013, 0.0002],
        [0.0002, 0.0051]
    ],
    "w2": [
        [3.8865, -0.2025],
        [-0.2025, 2.6224]
    ],
    "w3": [
        [0.00002680, 0.00000390],
        [0.00000390, 0.00004456]
    ],
    "V0": [0.7],
    "p": [3],
    "rmin": [2.4],
    "max_iter_step": [500],
    "max_change": [0.001],
    "objective_epsilon": [1],
    "flag_increase_P": [0],
    "fmincon_optimality_tolerance": [5e-5],
    "fmincon_algorithm": ["sqp"],
    "c_MMA_scaling": [1000],
    "n_MCS_samples": [1e6]
}